<application>
  <component name="ProjectManager">
    <defaultProject>
      <component name="CompilerConfiguration">
        <bytecodeTargetLevel target="8" />
      </component>
      <component name="Encoding" addBOMForNewFiles="with NO BOM" />
      <component name="MavenImportPreferences">
        <option name="generalSettings">
          <MavenGeneralSettings>
            <option name="localRepository" value="D:\IdeaProjects\maven_repository" />
            <option name="mavenHome" value="$APPLICATION_HOME_DIR$/plugins/maven/lib/maven3" />
            <option name="userSettingsFile" value="D:\ideaIC-2018.3.6.win\plugins\maven\lib\maven3\conf\settings.xml" />
          </MavenGeneralSettings>
        </option>
      </component>
      <component name="PropertiesComponent">
        <property name="settings.editor.selected.configurable" value="MavenSettings" />
      </component>
    </defaultProject>
  </component>
</application>